origin_url,file_name,latitude,longitude
https://scontent.cdninstagram.com/hphotos-xfa1/t51.2885-15/s150x150/e35/12353910_976811275712640_1224294328_n.jpg,0000.jpg,,
https://scontent.cdninstagram.com/hphotos-xta1/t51.2885-15/s150x150/e35/12331393_428541307336605_868750027_n.jpg,0001.jpg,35.659055556,139.700583333
https://scontent.cdninstagram.com/hphotos-xft1/t51.2885-15/s150x150/e35/12269793_945159092223054_301706178_n.jpg,0002.jpg,,
https://scontent.cdninstagram.com/hphotos-xtf1/t51.2885-15/s150x150/e35/12277445_1661021607509791_696028889_n.jpg,0003.jpg,,
https://scontent.cdninstagram.com/hphotos-xpt1/t51.2885-15/s150x150/e35/12345937_148576775503969_244099210_n.jpg,0004.jpg,,
https://scontent.cdninstagram.com/hphotos-xfp1/t51.2885-15/s150x150/e35/12338525_957938834273218_891777169_n.jpg,0005.jpg,,
https://scontent.cdninstagram.com/hphotos-xfa1/t51.2885-15/s150x150/e15/12353196_836508376461716_531003698_n.jpg,0006.jpg,,
https://scontent.cdninstagram.com/hphotos-xpt1/t51.2885-15/s150x150/e35/12256604_815968968514553_1725211920_n.jpg,0007.jpg,,
https://scontent.cdninstagram.com/hphotos-xfp1/t51.2885-15/s150x150/e35/c161.0.757.757/12317624_1680838925490493_1658900642_n.jpg,0008.jpg,35.661221551,139.703857808
https://scontent.cdninstagram.com/hphotos-xat1/t51.2885-15/s150x150/e35/11264892_413298168867471_720914963_n.jpg,0009.jpg,,
https://scontent.cdninstagram.com/hphotos-xpf1/t51.2885-15/s150x150/e35/12346198_128229084211386_471200218_n.jpg,0010.jpg,,
https://scontent.cdninstagram.com/hphotos-xtp1/t51.2885-15/s150x150/e35/12276841_1703700653180373_951182369_n.jpg,0011.jpg,35.659804887,139.699849858
https://scontent.cdninstagram.com/hphotos-xfp1/t51.2885-15/s150x150/e35/c0.87.1080.1080/12345837_875910532524296_1177545937_n.jpg,0012.jpg,35.664036,139.698211
https://scontent.cdninstagram.com/hphotos-xfp1/t51.2885-15/s150x150/e35/12331918_705809396185604_2098725607_n.jpg,0013.jpg,35.661378727,139.69587342
https://scontent.cdninstagram.com/hphotos-xtf1/t51.2885-15/s150x150/e35/12269782_479509502221798_1791214293_n.jpg,0014.jpg,35.661378727,139.69587342
https://scontent.cdninstagram.com/hphotos-xaf1/t51.2885-15/s150x150/e35/12353384_820407508056648_1303875492_n.jpg,0015.jpg,35.661378727,139.69587342
https://scontent.cdninstagram.com/hphotos-xpt1/t51.2885-15/s150x150/e35/11260682_985104274868874_1695064678_n.jpg,0016.jpg,35.661378727,139.69587342
https://scontent.cdninstagram.com/hphotos-xaf1/t51.2885-15/s150x150/e35/12346209_1081892001823224_9813677_n.jpg,0017.jpg,35.661378727,139.69587342
https://scontent.cdninstagram.com/hphotos-xat1/t51.2885-15/s150x150/e35/12224645_764556373677610_1954183879_n.jpg,0018.jpg,35.661378727,139.69587342
https://scontent.cdninstagram.com/hphotos-xpf1/t51.2885-15/s150x150/e35/12331411_123818241319768_1264771487_n.jpg,0019.jpg,35.661378727,139.69587342
https://scontent.cdninstagram.com/hphotos-xap1/t51.2885-15/s150x150/e35/12317382_149182415441849_1180385340_n.jpg,0020.jpg,35.661378727,139.69587342
https://scontent.cdninstagram.com/hphotos-xaf1/t51.2885-15/s150x150/e35/12354050_918342161590948_1553111509_n.jpg,0021.jpg,35.66120352,139.697091557
https://scontent.cdninstagram.com/hphotos-xft1/t51.2885-15/s150x150/e35/12269787_999864636744226_1890971029_n.jpg,0022.jpg,35.661378727,139.69587342
https://scontent.cdninstagram.com/hphotos-xat1/t51.2885-15/s150x150/e35/12276733_1657996434478745_1915149412_n.jpg,0023.jpg,35.67464875,139.707239
https://scontent.cdninstagram.com/hphotos-xft1/t51.2885-15/s150x150/e35/12299050_416538155203516_139086150_n.jpg,0024.jpg,35.640961,139.714827
https://scontent.cdninstagram.com/hphotos-xaf1/t51.2885-15/s150x150/e35/12353237_1650381971882169_2001997588_n.jpg,0025.jpg,35.656332299,139.714010275
https://scontent.cdninstagram.com/hphotos-xpf1/t51.2885-15/s150x150/e35/12331942_931799460221598_453813568_n.jpg,0026.jpg,,
https://scontent.cdninstagram.com/hphotos-xtp1/t51.2885-15/s150x150/e35/12317354_550598188427769_96696397_n.jpg,0027.jpg,,
https://scontent.cdninstagram.com/hphotos-xap1/t51.2885-15/s150x150/e35/12346008_434143906780379_1909089652_n.jpg,0028.jpg,35.67464875,139.707239
https://scontent.cdninstagram.com/hphotos-xfa1/t51.2885-15/s150x150/e35/12277575_957438191039183_964062277_n.jpg,0029.jpg,,
